cf;denominazione;denominazione_pulita;societa_benefit;comune;provincia;regione;forma_giuridica;modalita_costituzione;sito_internet;siti_web_esterni;email_ufficiale;pec_aziendale;url_scheda;codice_ateco;descrizione_ateco;macro_settore;macro_settore_codice;macro_settore_dettagliato;tag_settoriali;dt_costituzione;dt_iscrizione_startup;dt_aggiornamento_ri;data_compilazione_dichiarazione;classe_produzione_valore;classe_produzione_codice;classe_addetti_valore;classe_addetti_codice;classe_capitale_valore;classe_capitale_codice;prev_femminile;prev_giovanile;prev_straniera;req_spese_rs;req_team_qualificato;req_brevetti;legale_rappresentante;data_firma;ente_certificatore;codice_dichiarazione_xml;logo_url;logo_b64;video_pitch_url;linkedin_url;facebook_url;twitter_x_url;instagram_url;youtube_channel_url;tiktok_url;completezza_profilo;stadio_startup_codice;stadio_startup_testo;stadio_prodotto_codice;stadio_prodotto_testo;stadio_team_codice;stadio_team_testo;pitch_presentazione_it;pitch_presentazione_en;descrizione_prodotto_it;descrizione_prodotto_en;business_model_descrizione;concorrenza_descrizione;innovazione_descrizione;canale_diretto;canale_gdo;canale_ecommerce;canale_agenti;mercato_italia_regioni;mercato_estero_aree;interesse_clienti;interesse_investitori;interesse_incubatori;interesse_partner_universitari;interesse_partner_imprenditoriali;interesse_figure_tecniche;incubatore_accelerato;incubatore_nome;incubatore_cf;ha_relazioni_universitarie;ha_proprieta_intellettuale;kpi_num_brevetti;kpi_num_marchi;kpi_num_prodotti;finanza_ha_round;finanza_totale_raccolto_euro;finanza_num_round;finanza_tipologie_elenco;finanza_cronologia_testo;team_num_membri;team_num_dottorati_phd;team_groq_score;team_groq_score_rationale;spese_rs_dichiarazione_ri;team_curricula_ri;relazioni_ricerca_ri;privative_dichiarazione_ri;xml_raw
IT00981870942;FABC SRLS - SOCIETA' A RESPONSABILITA' LIMITATA SEMPLIFICATA;FABC;NO;ISERNIA (IS);IS;MOLISE;SOCIETA' A RESPONSABILITA' LIMITATA SEMPLIFICATA;DAL NOTAIO;www.fabc.it;[];NON COMUNICATA;FABCSRLS@PEC.IT;https://startup.registroimprese.it/isin/dettaglioStartup?id=KXU3bCJQBfS92AJOXqJVKg%2BWN%2BnnByIqx6wuUQzhow%3D%3D;621000;NON RILEVATO;SERVIZI;MS5;Medtech;SALUTE, dental, medtech;23/07/2020;06/08/2020;28/09/2026;28/06/2024;1-100K euro;A;1-100K euro;?;A;A;Non disponibile;Non disponibile;Non disponibile;SÌ;SÌ;NO;FABIOLA TURCO;28/06/2024;Namirial CA Firma Qualificata;00981870942-20240628162109;NON RILEVATO;NON RILEVATO;NON RILEVATO;NON RILEVATO;NON RILEVATO;NON RILEVATO;NON RILEVATO;NON RILEVATO;NON RILEVATO;NON RILEVATO;S3;Sul mercato;P5;Sul mercato;T4;Completo;L’idea imprenditoriale deriva dalla volontà e dalla motivazione di sviluppare un servizio in ambito sanitario privato, in grado di offrire ai pazienti un approccio basato totalmente su tecnologie innovative e di sviluppo sperimentale e di attività di industriallizzazione dei risultati .  L’utilizzo di macchinari e  software high-tech infatti, possono indubbiamente garantire un miglioramento del tenore di vita in generale della popolazione, attarverso la capacità di fornire al clinico medico, dati precisi altamente predicibili, sulle condizioni di salute dei pazienti e quindi di operare in una prospettiva preventiva piu che curativa. Alla base dello sviluppo tecnologico infatti vi è lo scopo di scongiurare l’insorgenza conclamata di patologie invalidanti, attraverso la prevenzione delle stesse. La limitazione dell’uomo, quindi del clinico sanitario, in questa ottica avanguardista, risulta risiedere nella fattiva incapacità di diagnosi basata sull’esclusiva analisi internistica. L’utilizzo invece di macchinari in grado di tracciare un profilo clinico digitale, attraverso ricostruzioni 3D e l’utilizzo di robot in grado di programmare attività di realizzazione su questi profili, consente al clinico di operare con una visione ampia e ragionata, quindi di utilizzare le proprie conoscenze mediche attraverso un quadro più performante, e dunque in ultima analisi, di garantire il miglioramento della qualità della diagnosi e soprattutto della terapia. Tutto questo da includersi nel discorso della capacità gestionale attraverso un app innovativa, nascente dall’idea del proponente, che consenta all’attività di garantire un sistema di fornitura di materiali e di raccolta dati, anche ad altri ambulatori medici-odontoiatrici a distanza. Il vero potere della tecnologia è infatti abolire le distanze fisiche, proiettare figure e immagini digitali della realtà, permettere la comunicazione immediata, abolendo tempi fisici limitanti.;L’idea imprenditoriale deriva dalla volontà e dalla motivazione di sviluppare un servizio in ambito sanitario privato, in grado di offrire ai pazienti un approccio basato totalmente su tecnologie innovative e di sviluppo sperimentale e di attività di industriallizzazione dei risultati .  L’utilizzo di macchinari e  software high-tech infatti, possono indubbiamente garantire un miglioramento del tenore di vita in generale della popolazione, attarverso la capacità di fornire al clinico medico, dati precisi altamente predicibili, sulle condizioni di salute dei pazienti e quindi di operare in una prospettiva preventiva piu che curativa. Alla base dello sviluppo tecnologico infatti vi è lo scopo di scongiurare l’insorgenza conclamata di patologie invalidanti, attraverso la prevenzione delle stesse. La limitazione dell’uomo, quindi del clinico sanitario, in questa ottica avanguardista, risulta risiedere nella fattiva incapacità di diagnosi basata sull’esclusiva analisi internistica. L’utilizzo invece di macchinari in grado di tracciare un profilo clinico digitale, attraverso ricostruzioni 3D e l’utilizzo di robot in grado di programmare attività di realizzazione su questi profili, consente al clinico di operare con una visione ampia e ragionata, quindi di utilizzare le proprie conoscenze mediche attraverso un quadro più performante, e dunque in ultima analisi, di garantire il miglioramento della qualità della diagnosi e soprattutto della terapia. Tutto questo da includersi nel discorso della capacità gestionale attraverso un app innovativa, nascente dall’idea del proponente, che consenta all’attività di garantire un sistema di fornitura di materiali e di raccolta dati, anche ad altri ambulatori medici-odontoiatrici a distanza. Il vero potere della tecnologia è infatti abolire le distanze fisiche, proiettare figure e immagini digitali della realtà, permettere la comunicazione immediata, abolendo tempi fisici limitanti.;L’alta innovazione tecnologica consente di offrire ai pazienti cure immediate e altamente customizzate, per ogni caso specifico. Il fine è quello di garantire un miglioramento della qualità della salute e della prevenzione nella popolazione dell’area geografica di riferimento. L’alta difendibilità di questo vantaggio competitivo sarà garantita dalla realizzazione di un’attività in grado di soddisfare le esigenze di cura dei pazienti, avvalendosi di strumentari e tecnologie e metodi di approccio all’avanguardia nell’area geografica di intervento.;L’alta innovazione tecnologica consente di offrire ai pazienti cure immediate e altamente customizzate, per ogni caso specifico. Il fine è quello di garantire un miglioramento della qualità della salute e della prevenzione nella popolazione dell’area geografica di riferimento. L’alta difendibilità di questo vantaggio competitivo sarà garantita dalla realizzazione di un’attività in grado di soddisfare le esigenze di cura dei pazienti, avvalendosi di strumentari e tecnologie e metodi di approccio all’avanguardia nell’area geografica di intervento.;NON RILEVATO;NON RILEVATO;NON RILEVATO;SÌ;NO;NO;NO;MOLISE;NON RILEVATO;NO;NO;NO;NO;NO;NO;NO;NON RILEVATO;NON RILEVATO;NO;NO;0;0;1;NO;0.0;0;NESSUNO;Nessun finanziamento dichiarato;1;0;50;Solo un fondatore con laurea in odontoiatria, nessun altro membro del team.;"SVILUPPO, PRODUZIONE E COMMERCIALIZZAZIONE DI UN SERVIZIO INNOVATIVO BASATO SU UNA PIATTAFORMA HIGH TECH, IN GRADO DI REALIZZARE UN PROFILO CLINICO DIGITALE ATTRAVERSO RICOSTRUZIONI 3D E L'UTILIZZO DI ROBOT IN GRADO DI PROGRAMMARE INTERVENTI DA REALIZZAZIONE SU QUESTI PROFILI; ESSO CONSENTE ALTRESI' IL MIGLIORAMENTO DELLA COMUNICAZIONE E DELL'IMMAGINE AZIENDALE IN AMBITO SANITARIO-ODONTOIATRICO, DI SUPPORTARE LE ATTIVITA' DI BRANDING, DIGITAL MARKETING, OTTIMIZZAZIONE NELLA SCELTA DEGLI STRUMENTI DELLA COMUNICAZIONE IN OTTICA MULTIMEDIALE, SVILUPPO DI PROCEDURE PER L'ACQUISIZIONE DI INFORMAZIONI ORIGINALI DAI SISTEMI UTILIZZATI DALLE STRUTTURE), CHE PUNTANO A TRASFORMARE LA COMUNICAZIONE RICERCANDO UN FORTE IMPATTO EMOTIVO";LAUREA IN ODONTOIATRIA E PROTESI DENTARIA CONSEGUITA PRESSO L'UNIVERSITA' DEGLI STUDI DELL'AQUILA IN DATA 24/04/2014.;"""NESSUNA"" RELAZIONE PROFESSIONALE CON INCUBATORI, INVESTITORI, UNIVERSITA', RICERCA.";"""NESSUN"" DIRITTO DI PRIVATIVA SU PROPRIETA' INDUSTRIALE, INTELLETTUALE AD OGGI.";"<?xml version=""1.0""?>
<dichiarazione xmlns:xsi=""http://www.w3.org/2001/XMLSchema-instance""><info-dichiarazione><codice>00981870942-20240628162109</codice></info-dichiarazione><info-schema><tipo>startup</tipo><versione>2</versione><data-compilazione>2024-06-28T16:20:35</data-compilazione></info-schema><impresa><codice-fiscale>00981870942</codice-fiscale><denominazione>FABC SRLS - SOCIETA' A RESPONSABILITA' LIMITATA SEMPLIFICATA</denominazione></impresa><informazioni><stadio><cod>S3</cod><decod><en>Launch</en><it>Sul mercato</it></decod></stadio><presentazione><descrizione><en></en><it>L’idea imprenditoriale deriva dalla volontà e dalla motivazione di sviluppare un servizio in ambito sanitario privato, in grado di offrire ai pazienti un approccio basato totalmente su tecnologie innovative e di sviluppo sperimentale e di attività di industriallizzazione dei risultati .  L’utilizzo di macchinari e  software high-tech infatti, possono indubbiamente garantire un miglioramento del tenore di vita in generale della popolazione, attarverso la capacità di fornire al clinico medico, dati precisi altamente predicibili, sulle condizioni di salute dei pazienti e quindi di operare in una prospettiva preventiva piu che curativa. Alla base dello sviluppo tecnologico infatti vi è lo scopo di scongiurare l’insorgenza conclamata di patologie invalidanti, attraverso la prevenzione delle stesse. La limitazione dell’uomo, quindi del clinico sanitario, in questa ottica avanguardista, risulta risiedere nella fattiva incapacità di diagnosi basata sull’esclusiva analisi internistica. L’utilizzo invece di macchinari in grado di tracciare un profilo clinico digitale, attraverso ricostruzioni 3D e l’utilizzo di robot in grado di programmare attività di realizzazione su questi profili, consente al clinico di operare con una visione ampia e ragionata, quindi di utilizzare le proprie conoscenze mediche attraverso un quadro più performante, e dunque in ultima analisi, di garantire il miglioramento della qualità della diagnosi e soprattutto della terapia. Tutto questo da includersi nel discorso della capacità gestionale attraverso un app innovativa, nascente dall’idea del proponente, che consenta all’attività di garantire un sistema di fornitura di materiali e di raccolta dati, anche ad altri ambulatori medici-odontoiatrici a distanza. Il vero potere della tecnologia è infatti abolire le distanze fisiche, proiettare figure e immagini digitali della realtà, permettere la comunicazione immediata, abolendo tempi fisici limitanti.</it></descrizione></presentazione><contatti><email>FABCSRLS@PEC.IT</email></contatti><settore><tag>SALUTE</tag><tag>dental</tag><tag>medtech</tag><macro-settore><cod>MS5</cod><decod><en>Medtech</en><it>Medtech</it></decod></macro-settore></settore><prodotto><stato-prodotto><cod>P5</cod><decod><en>In the market</en><it>Sul mercato</it></decod></stato-prodotto><descrizione-prodotto><en>L’alta innovazione tecnologica consente di offrire ai pazienti cure immediate e altamente customizzate, per ogni caso specifico. Il fine è quello di garantire un miglioramento della qualità della salute e della prevenzione nella popolazione dell’area geografica di riferimento. L’alta difendibilità di questo vantaggio competitivo sarà garantita dalla realizzazione di un’attività in grado di soddisfare le esigenze di cura dei pazienti, avvalendosi di strumentari e tecnologie e metodi di approccio all’avanguardia nell’area geografica di intervento.</en><it></it></descrizione-prodotto></prodotto><team><stato-team><cod>T4</cod><decod><en>Defined</en><it>Completo</it></decod></stato-team></team><mercato><area-geografica><cod>A4</cod><decod><en>Italy</en><it>Italia</it></decod></area-geografica><area-geografica-italia><cod>14</cod><decod><en>MOLISE</en><it>MOLISE</it></decod></area-geografica-italia><canale-di-vendita><cod>C1</cod><decod><en>Directly</en><it>Direttamente</it></decod></canale-di-vendita></mercato><innovazione><proprieta-intellettuale>false</proprieta-intellettuale></innovazione><finanze><non-disponibile>true</non-disponibile></finanze><associazione><iscrizione>false</iscrizione></associazione><incubatori><incubatore-accelerato>false</incubatore-accelerato></incubatori></informazioni></dichiarazione>
"
IT00996250940;BB-SMILE S.R.L.;BB-SMILE;NO;PESCHE (IS);IS;MOLISE;SOCIETA' A RESPONSABILITA' LIMITATA;DAL NOTAIO;Informazione non iscritta;[];info@bb-smile.net;NON RILEVATO;https://startup.registroimprese.it/isin/dettaglioStartup?id=KXU3bCJQBfS92AJOXqJVKg%2BWN%2BnnBiUgxawuUQ7how%3D%3D;622010;NON RILEVATO;SERVIZI;NON RILEVATO;BlockChain, INTELLIGENZAARTIFICIALE;BlockChain, INTELLIGENZAARTIFICIALE;13/04/2022;04/05/2022;NON RILEVATO;07/10/2025;1-100K euro;A;1-100K euro;?;A;A;Non disponibile;Non disponibile;Non disponibile;SÌ;SÌ;NO;NON RILEVATO;NON RILEVATO;InfoCamere Qualified Electronic Signature CA;00996250940-20251007142012;NON RILEVATO;NON RILEVATO;NON RILEVATO;NON RILEVATO;NON RILEVATO;NON RILEVATO;NON RILEVATO;NON RILEVATO;NON RILEVATO;NON RILEVATO;S3;Sul mercato;P4;Primi clienti;NON RILEVATO;NON RILEVATO;"Blockchain-Based Smart Methodologies
for Innovative Ledger Environments
A university startup from Sapienza and Unimol that operates as a center of expertise on Blockchain and AI technologies by integrating the operational skills of technology partners with the research and development knowledge of academic partners.";"Blockchain-Based Smart Methodologies
for Innovative Ledger Environments
A university startup from Sapienza and Unimol that operates as a center of expertise on Blockchain and AI technologies by integrating the operational skills of technology partners with the research and development knowledge of academic partners.";"Blockchain-Based Smart Methodologies
for Innovative Ledger Environments
A university startup from Sapienza and Unimol that operates as a center of expertise on Blockchain and AI technologies by integrating the operational skills of technology partners with the research and development knowledge of academic partners.";NON RILEVATO;NON RILEVATO;NON RILEVATO;NON RILEVATO;NO;NO;NO;NO;NON RILEVATO;NON RILEVATO;NO;NO;NO;NO;NO;NO;NO;NON RILEVATO;NON RILEVATO;NO;NO;0;0;1;NO;0.0;0;NESSUNO;Nessun finanziamento dichiarato;4;0;50;Team composto da docenti universitari con lauree magistrali, ma senza ruoli C-Level definiti.;IBB-SMILE SI PROPONE COME FORNITORE DI SERVIZI IN GRADO DI CONFIGURARE TUTTA LA TECNOLOGIA E L'INFRASTRUTTURA BLOCKCHAIN NECESSARIE SU SERVER PROPRI O DEL CLIENTE.E SVILUPPERA' LA PRODUZIONE E DISTRIBUZIONE IN MODALITA' BAAS DI PIATTAFORME BLOCKCHAIN GESTITE CHE CONSENTANO AI CLIENTI DI CREARE LE PROPRIE APPLICAZIONI SPESE SOSTENUTE IN RICERCA & SVILUPPO: VALORE DELLA PRODUZIONE 26.750 COSTI DELLA PRODUZIONE 28.735 MAGGIOR VALORE TRA RICAVI E COSTI DELLA PRODUZIONE 28.735 SPESE DI RICERCA & SVILUPPO 5.720 SPESE DI RICERCA & SVILUPPO / MAGGIOR VALORE TRA RICAVI E COSTI PRODUZIONE (%) 19.91 SOGLIA 15%;PAOLO GASPARE BOTTONI - PROFESSORE ORDINARIO SAPIENZA DIP. INFORMATICA CLAUDIO DI CICCIO - DOCENTE SAPIENZA DIP. INFORMATICA REMO PARESCHI - PROFESSORE ASSOCIATO UNIVERSITA' DEGLI STUDI DEL MOLISE FEDERICO ZAPPONE - LAUREA MAGISTRALE IN INFORMATICA UNIVERSITA' DEGLI STUDI DEL MOLISE;LA SOCIETA' E' STATA RICONOSCIUTA COME STARTUP UNIVERSITARIA DAL CDA DELL'UNIVERSITA' LA SAPIENZA CON DELIBERA IN DATA 15 MARZO 22 E CONGIUNTAMENTE DAL CDA DELL'UNIVERSITA' DEL MOLISE CON DELIBERA IN DATA 22 FEBBRAIO 22. LA MISSION DI BB-SMILE (BLOCKCHAIN-BASED SMART METHODOLOGIES FOR INNOVATIVE LEDGER ENVIRONMENTS) E' DI PROPORSI COME CENTRO COMPETENZA SU TECNOLOGIE BLOCKCHAIN, INTEGRANDO LE SKILL DEI PARTNER TECNOLOGICI CON LE CONOSCENZE IN AMBITO DI RICERCA E SVILUPPO DEI PARTNER ACCADEMICI.;NESSUN DIRITTO ATTIVO;"<?xml version=""1.0""?>
<dichiarazione xmlns:xsi=""http://www.w3.org/2001/XMLSchema-instance""><info-dichiarazione><codice>00996250940-20251007142012</codice></info-dichiarazione><info-schema><tipo>startup</tipo><versione>2</versione><data-compilazione>2025-10-07T14:19:34</data-compilazione></info-schema><impresa><codice-fiscale>00996250940</codice-fiscale><denominazione>BB-SMILE S.R.L.</denominazione></impresa><informazioni><stadio><cod>S3</cod><decod><en>Launch</en><it>Sul mercato</it></decod></stadio><presentazione><descrizione><en>Blockchain-Based Smart Methodologies&#x0D;
for Innovative Ledger Environments&#x0D;
A university startup from Sapienza and Unimol that operates as a center of expertise on Blockchain and AI technologies by integrating the operational skills of technology partners with the research and development knowledge of academic partners.</en><it></it></descrizione></presentazione><contatti><email>info@bb-smile.net</email></contatti><settore><tag>BlockChain</tag><tag>INTELLIGENZAARTIFICIALE</tag></settore><prodotto><stato-prodotto><cod>P4</cod><decod><en>Customers first</en><it>Primi clienti</it></decod></stato-prodotto></prodotto><innovazione><proprieta-intellettuale>false</proprieta-intellettuale></innovazione><finanze><non-disponibile>true</non-disponibile></finanze><associazione><iscrizione>false</iscrizione></associazione><incubatori><incubatore-accelerato>false</incubatore-accelerato></incubatori></informazioni></dichiarazione>
"
IT01002810941;ALPHRA SOCIETA' A RESPONSABILITA' LIMITATA;ALPHRA;NO;VENAFRO (IS);IS;MOLISE;SOCIETA' A RESPONSABILITA' LIMITATA;DAL NOTAIO;www.alphra.it;[];info@alphra.it;NON RILEVATO;https://startup.registroimprese.it/isin/dettaglioStartup?id=KXU3bCJQBfS92AJOXqJVKg%2BWN%2BjuDyEqwawuUQ/how%3D%3D;621000;NON RILEVATO;SERVIZI;NON RILEVATO;INFORMATICA, Brevetti;INFORMATICA, Brevetti;12/05/2023;25/05/2023;28/09/2026;07/05/2026;1-100K euro;A;1-100K euro;?;A;A;Non disponibile;Non disponibile;Non disponibile;SÌ;SÌ;NO;ALESSANDRO DI CRISTINZI;07/05/2026;Intesi Group EU Qualified Electronic Signature CA G2;01002810941-20260507122128;https://i.ibb.co/GfQ5LB7p/8288f55452a8.jpg;Disponibile (Caricato su ImgBB);NON RILEVATO;NON RILEVATO;NON RILEVATO;NON RILEVATO;NON RILEVATO;NON RILEVATO;NON RILEVATO;NON RILEVATO;S3;Sul mercato;P5;Sul mercato;NON RILEVATO;NON RILEVATO;Questa società si occupa di sviluppare, produrre e vendere prodotti e servizi ad alto valore tecnologico. In particolare, si occupa di gestione di servizi web, sistemi embedded, sicurezza informatica, applicazioni web, basi di dati, software, modelli linguistici e applicazioni web 3.0. Inoltre, organizza corsi di formazione su questi temi. La società si occupa anche di studi di fattibilità, consulenza, progettazione e collaudi di opere pubbliche e private nei settori del trasporto, dell'ecologia, dell'energia, dell'architettura e altro ancora. La società acquisisce, utilizza e cede brevetti, licenze e tecniche industriali ed impiantistiche. Inoltre, fornisce consulenza e implementazione di sistemi di gestione qualità, ambiente e sicurezza per aziende pubbliche e private. Inoltre si occupa di tutte le attività necessarie al raggiungimento degli obiettivi prefissati.;Questa società si occupa di sviluppare, produrre e vendere prodotti e servizi ad alto valore tecnologico. In particolare, si occupa di gestione di servizi web, sistemi embedded, sicurezza informatica, applicazioni web, basi di dati, software, modelli linguistici e applicazioni web 3.0. Inoltre, organizza corsi di formazione su questi temi. La società si occupa anche di studi di fattibilità, consulenza, progettazione e collaudi di opere pubbliche e private nei settori del trasporto, dell'ecologia, dell'energia, dell'architettura e altro ancora. La società acquisisce, utilizza e cede brevetti, licenze e tecniche industriali ed impiantistiche. Inoltre, fornisce consulenza e implementazione di sistemi di gestione qualità, ambiente e sicurezza per aziende pubbliche e private. Inoltre si occupa di tutte le attività necessarie al raggiungimento degli obiettivi prefissati.;Questa società si occupa di sviluppare, produrre e vendere prodotti e servizi ad alto valore tecnologico. In particolare, si occupa di gestione di servizi web, sistemi embedded, sicurezza informatica, applicazioni web, basi di dati, software, modelli linguistici e applicazioni web 3.0. Inoltre, organizza corsi di formazione su questi temi. La società si occupa anche di studi di fattibilità, consulenza, progettazione e collaudi di opere pubbliche e private nei settori del trasporto, dell'ecologia, dell'energia, dell'architettura e altro ancora. La società acquisisce, utilizza e cede brevetti, licenze e tecniche industriali ed impiantistiche. Inoltre, fornisce consulenza e implementazione di sistemi di gestione qualità, ambiente e sicurezza per aziende pubbliche e private. Inoltre si occupa di tutte le attività necessarie al raggiungimento degli obiettivi prefissati.;NON RILEVATO;NON RILEVATO;NON RILEVATO;NON RILEVATO;NO;NO;NO;NO;NON RILEVATO;NON RILEVATO;NO;NO;NO;NO;NO;NO;NO;NON RILEVATO;NON RILEVATO;NO;NO;0;0;1;NO;0.0;0;NESSUNO;Nessun finanziamento dichiarato;4;0;65;Team di 3 membri con lauree magistrali e ruolo CEO, fondatori, ma senza dottorati.;LO SVILUPPO, LA PRODUZIONE E LA COMMERCIALIZZAZIONE DI PRODOTTI O SERVIZI AD ALTO VALORE TECNOLOGICO E PIU' SPECIFICATAMENTE: LA RICERCA, LA PROGETTAZIONE, PROTOTIPAZIONE, SVILUPPO, PRODUZIONE, COMMERCIALIZZAZIONE E FORNITURA DI: 1) ALGORITMI DEPUTATI ALLA GESTIONE DI SERVIZI BASATI SUL WEB DELLA RETE INTERNET 2) SISTEMI EMBEDDED 3) SISTEMI DI SICUREZZA INFORMATICA 4) APPLICAZIONI WEB 5) SCHEMI CONCETTUALI E SCHEMI RELAZIONALI DI BASI DI DATI 6) SOFTWARE 7) DATAWAREHOUSE 8) INFORMATION DASHBOARD 9) MODELLI LINGUISTICI AUTOREGRESSIVI 10) APPLICAZIONI WEB 3.0, IDEAZIONE, SVILUPPO E TENUTA DI CORSI DI FORMAZIONE, ANCHE ATTRAVERSO LA PREDISPOSIZIONE E LA STAMPA DI MANUALISTICA E LIBRI NEI SETTORI DI CUI SOPRA.;"- ALESSANDRO DI CRISTINZI: LAUREA MAGISTRALE IN ""MANAGEMENT DELLE TECNOLOGIE, INNOVAZIONE E SOSTENIBILITA'"", FACOLTA' DI ECONOMIA, UNIVERSITA' DEGLI STUDI DI ROMA ""LA SAPIENZA"" IN DATA 26/10/2022; - FRANCESCO DI CRISTINZI: DIPLOMA DI LICEO CLASSICO, ISISS A. GIORDANO ANNO SCOLASTICO 2017/2018, CERTIFICATO RILASCIATO IN DATA 10/08/2018; - GIANNA MARIA SCARABEO: LAUREA IN ARCHITETTURA V.O., UNIVERSITA' DEGLI STUDI DELLA CAMPANIA ""LUIGI VANVITELLI"" IN DATA 31/03/2020.";NESSUNA RELAZIONE PROFESSIONALE CON UNIVERSITA' O CENTRI DI RICERCA;NON VI SONO;"<?xml version=""1.0""?>
<dichiarazione xmlns:xsi=""http://www.w3.org/2001/XMLSchema-instance""><info-dichiarazione><codice>01002810941-20260507122128</codice></info-dichiarazione><info-schema><tipo>startup</tipo><versione>2</versione><data-compilazione>2026-05-07T12:20:29</data-compilazione></info-schema><impresa><codice-fiscale>01002810941</codice-fiscale><denominazione>ALPHRA SOCIETA' A RESPONSABILITA' LIMITATA</denominazione></impresa><informazioni><logo><extension></extension><b64>[ARCHIVED_IN_IMG_BB]</b64></logo><stadio><cod>S3</cod><decod><en>Launch</en><it>Sul mercato</it></decod></stadio><presentazione><descrizione><en></en><it>Questa società si occupa di sviluppare, produrre e vendere prodotti e servizi ad alto valore tecnologico. In particolare, si occupa di gestione di servizi web, sistemi embedded, sicurezza informatica, applicazioni web, basi di dati, software, modelli linguistici e applicazioni web 3.0. Inoltre, organizza corsi di formazione su questi temi. La società si occupa anche di studi di fattibilità, consulenza, progettazione e collaudi di opere pubbliche e private nei settori del trasporto, dell'ecologia, dell'energia, dell'architettura e altro ancora. La società acquisisce, utilizza e cede brevetti, licenze e tecniche industriali ed impiantistiche. Inoltre, fornisce consulenza e implementazione di sistemi di gestione qualità, ambiente e sicurezza per aziende pubbliche e private. Inoltre si occupa di tutte le attività necessarie al raggiungimento degli obiettivi prefissati.</it></descrizione></presentazione><contatti><email>info@alphra.it</email></contatti><settore><tag>INFORMATICA</tag><tag>Brevetti</tag></settore><prodotto><stato-prodotto><cod>P5</cod><decod><en>In the market</en><it>Sul mercato</it></decod></stato-prodotto></prodotto><team><soggetto /></team><innovazione><proprieta-intellettuale>false</proprieta-intellettuale></innovazione><finanze><non-disponibile>true</non-disponibile></finanze><associazione><iscrizione>false</iscrizione></associazione><incubatori><incubatore-accelerato>false</incubatore-accelerato></incubatori></informazioni></dichiarazione>
"
IT00976660944;LABELSCOIN BLOCKCHAIN S.R.L. IN LIQUIDAZIONE;LABELSCOIN BLOCKCHAIN;NO;VENAFRO (IS);IS;MOLISE;SOCIETA' A RESPONSABILITA' LIMITATA;DAL NOTAIO;www.labelscoin.technology;"[""www.labelscoin.technology""]";NON COMUNICATA;labelscoinblockchain.srl@legalmail.it;https://startup.registroimprese.it/isin/dettaglioStartup?id=KXU3bCJQBfS92AJOXqJVKg%2BWN%2BnnCCUkxqwuUQrhow%3D%3D;721029;NON RILEVATO;SERVIZI;MS1;ICT (Apparecchiature elettriche ed elettroniche, Informatica, Ricerca e sviluppo);BLOCKCHAIN;03/01/2020;10/01/2020;28/09/2026;03/07/2023;1-100K euro;A;1-100K euro;?;A;A;Non disponibile;Non disponibile;Non disponibile;SÌ;SÌ;SÌ;SERENA SPADA;03/07/2023;InfoCamere Qualified Electronic Signature CA;00976660944-20230703160126;NON RILEVATO;NON RILEVATO;NON RILEVATO;NON RILEVATO;NON RILEVATO;NON RILEVATO;NON RILEVATO;NON RILEVATO;NON RILEVATO;NON RILEVATO;S2;Sviluppo;P2;Prototipo/versione beta;T4;Completo;LA SOCIETA' HA FINALITA' DI RICERCA, STUDIO, SVILUPPO E IMPLEMENTAZIONE DELLA TECNOLOGICA BLOCKCHAIN NEL CAMPO DEL COPYRIGHT.;LA SOCIETA' HA FINALITA' DI RICERCA, STUDIO, SVILUPPO E IMPLEMENTAZIONE DELLA TECNOLOGICA BLOCKCHAIN NEL CAMPO DEL COPYRIGHT.;LABELSCOIN CONSENTE LA  TRACCIABILITA' DEI PAGAMENTI DEI DIRITTI D'AUTORE: IL DISPOSITIVO PERMETTERA' DI TRASMETTERE LE INFORMAZIONE RILEVATE IN UNA BANCA DATI, LE INFORMAZIONI VENGONO IN TEMPO REALE RILEVATE DALL'ALGORITMO A FASCIA ALTA E TRASMESSE ALL'UTENTE E/O AL PROPRIETARIO DELL'OPERA.;LABELSCOIN IS A SINGLE-SOURCE COPYRIGHT EXCHANGE PLATFORM BASED ON BLOCKCHAIN TECHNOLOGY WITH ASSOCIATED SUITE OF SERVICE. COMBINED, THESE FACILITATE THE TRANSPARENCY OF COPYRIGHTS AND THE EXCHANGE OF ASSOCIATED ROYALTIES - ALLOWING FOR A FAIR AND TRANSPARENT RETRIBUTION TO COPYRIGHTS CREATORS;PROFITTI DERIVANTI DALLA VENDITA DEL DISPOSITIVO INDUSTRIALE E DELL'MOBILE APP CON STATISTICHE INCLUSE;NON VI SONO CONCORRENTI DIRETTI;LABELSCOIN CONSENTE LA  TRACCIABILITA' DEI PAGAMENTI DEI DIRITTI D'AUTORE: IL DISPOSITIVO PERMETTERA' DI TRASMETTERE LE INFORMAZIONE RILEVATE IN UNA BANCA DATI, LE INFORMAZIONI VENGONO IN TEMPO REALE RILEVATE DALL'ALGORITMO A FASCIA ALTA E TRASMESSE ALL'UTENTE E/O AL PROPRIETARIO DELL'OPERA.;SÌ;NO;NO;NO;NON RILEVATO;Europa centro orientale, Asia centro meridionale, America settentrionale;SÌ;NO;NO;SÌ;NO;NO;NO;NON RILEVATO;NON RILEVATO;NO;SÌ;1;0;1;NO;0.0;0;NESSUNO;Nessun finanziamento dichiarato;1;3;70;Founder with PhD and additional technical roles with PhD;"LA RICERCA, STUDIO, SVILUPPO E IMPLEMENTAZIONE DELLA TECNOLOGIA BLOCKCHAIN NEL CAMPO DEL COPYRIGHTS / DIRITTI D AUTORE; LO SVILUPPO, LA PRODUZIONE E LA COMMERCIALIZZAZIONE DI UN SOFTWARE INNOVATIVO E SOFISTICATO CHE ATTRAVERSO UN ALGORITMO AD ALTA FASCIA, TRACCIA IN TEMPO REALE I BRANI DIFFUSI SU CANALI DIGITALI E TRADIZIONALI, VERIFICA LE VIOLAZIONI DEI DIRITTI D'AUTORE ED EVENTUALI PLAGI ATTRAVERSO IL DISPOSITIVO INDUSTRIALE E L'APPLICAZIONE MOBILE. LE SPESE IN RICERCA E SVILUPPO RISPETTANO I REQUISITI DI CUI AL D.L. 179/2012 ART.25 COMMA 2 LETTERA H) N.1";"SERENA SPADA, UNICO SOCIO, DOTTORESSA DI COPY RIGHT, TITOLO DI STUDIO ""LAUREA IN SCIENZE FINANZIARIE"" (""BACHELOR OF SCIENCE IN BUSINESS ADMINISTRATION - INTERNATIONAL FINANCE"" ), CONSEGUITA CON LAUDE PRESSO ""THE AMERICAN GRADUATE SCHOOL OF BUSINESS"" IN SVIZZERA IL 18 LUGLIO 2008, CERTIFICATE OF EXCELLENCE (SPECIALIZZAZIONE) IN CAPITAL MARKETS, CONSEGUITO IN SVIZZERA IL 18 LUGLIO 2008; MASTER OF INTERNATIONAL BUSINESS ADMINISTRATION - INTERNATIONAL FINANCE, CONSEGUITO CON LAUDE IN SVIZZERA IL 20 GIUGNO 2009, PRESSO ""THE AMERICAN GRADUATE SCHOOL OF BUSINESS""; INTELLECTUAL PROPERTY LAW, POSTGRADUATE CERTIFICATE CONSEGUITO PRESSO L'UNIVERSITA' DI BERNA IL 28 GIUGNO 2012 CONTENTS: IP, TRADE-MARKS, COPY RIGHT, DESIGN; ADVANCED LEGAL SKILLS, POSTGRADUATE CERTIFICATE, CONSEGUITO PRESSO IL ROBERT KENNEDY COLLEGE - UNIVERSITY CUMBRIA NELL'ANNO 2015.";ALLO STATO ATTUALE NON ESISTONO RELAZIONI PROFESSIONALI CON INCUBATORI, INVESTITORI, UNIVERSITA' ECC. IN QUANTO LA SOCIETA' E' NEOCOSTITUITA;NESSUNO;"<?xml version=""1.0""?>
<dichiarazione xmlns:xsi=""http://www.w3.org/2001/XMLSchema-instance""><info-dichiarazione><codice>00976660944-20230703160126</codice></info-dichiarazione><info-schema><tipo>startup</tipo><versione>2</versione><data-compilazione>2023-07-03T16:00:09</data-compilazione></info-schema><impresa><codice-fiscale>00976660944</codice-fiscale><denominazione>LABELSCOIN BLOCKCHAIN S.R.L.</denominazione></impresa><informazioni><stadio><cod>S2</cod><decod><en>Development</en><it>Sviluppo</it></decod></stadio><presentazione><descrizione><en></en><it>LA SOCIETA' HA FINALITA' DI RICERCA, STUDIO, SVILUPPO E IMPLEMENTAZIONE DELLA TECNOLOGICA BLOCKCHAIN NEL CAMPO DEL COPYRIGHT.</it></descrizione></presentazione><contatti><email>labelscoinblockchain.srl@legalmail.it</email></contatti><settore><tag>BLOCKCHAIN</tag><macro-settore><cod>MS1</cod><decod><en>ICT (Electrical and Electronic, Computer Science, Research and Development)</en><it>ICT (Apparecchiature elettriche ed elettroniche, Informatica, Ricerca e sviluppo)</it></decod></macro-settore></settore><prodotto><stato-prodotto><cod>P2</cod><decod><en>Prototype/beta version</en><it>Prototipo/versione beta</it></decod></stato-prodotto><descrizione-prodotto><en>LABELSCOIN IS A SINGLE-SOURCE COPYRIGHT EXCHANGE PLATFORM BASED ON BLOCKCHAIN TECHNOLOGY WITH ASSOCIATED SUITE OF SERVICE. COMBINED, THESE FACILITATE THE TRANSPARENCY OF COPYRIGHTS AND THE EXCHANGE OF ASSOCIATED ROYALTIES - ALLOWING FOR A FAIR AND TRANSPARENT RETRIBUTION TO COPYRIGHTS CREATORS</en><it>LABELSCOIN CONSENTE LA  TRACCIABILITA' DEI PAGAMENTI DEI DIRITTI D'AUTORE: IL DISPOSITIVO PERMETTERA' DI TRASMETTERE LE INFORMAZIONE RILEVATE IN UNA BANCA DATI, LE INFORMAZIONI VENGONO IN TEMPO REALE RILEVATE DALL'ALGORITMO A FASCIA ALTA E TRASMESSE ALL'UTENTE E/O AL PROPRIETARIO DELL'OPERA.</it></descrizione-prodotto></prodotto><team><stato-team><cod>T4</cod><decod><en>Defined</en><it>Completo</it></decod></stato-team><soggetto><occupazione-startup-team><en>Attorney at Law</en><it>Legale aziendale</it></occupazione-startup-team><livello-titolo-studio><cod>LTS6</cod><decod><en>PhD</en><it>Dottorato di ricerca</it></decod></livello-titolo-studio><fascia-eta><cod>FE6</cod><decod><en>40-44</en><it>40-44</it></decod></fascia-eta><descrizione-ruolo-team><en>The attorney at law is dealing with daily tasks such as: preparing contracts, analasyng potential issue in the fields of copyrights, trademark, patent, smart contracts and blockchain.</en><it>Il ruolo del legale aziendale  è gestire, preparare contratti, analizzare potenziali problematiche nei settori copyrights, marchi e brevetti, smart contract (contratti intelligenti) e blockchain.</it></descrizione-ruolo-team></soggetto><soggetto><occupazione-startup-team><en>Engineering</en><it>Ingegnere</it></occupazione-startup-team><livello-titolo-studio><cod>LTS6</cod><decod><en>PhD</en><it>Dottorato di ricerca</it></decod></livello-titolo-studio><fascia-eta><cod>FE6</cod><decod><en>40-44</en><it>40-44</it></decod></fascia-eta><descrizione-ruolo-team><en>Practical approaches with the industrial device such as: projecting, updating the prototype device, implementing new tools, dealing with the tecnical issue of the product. The engineering is dealing also with the patent offices.</en><it>Approccio pratico con il dispositivo industriale, progettazione, aggiornamento prototipo, implementare nuovi strumenti sofisticati all'interno del dispositivo, risolvere eventuali problematiche tecniche. L'ingegnere è l'interlocutore tra l'azienda e gli uffici brevetti.</it></descrizione-ruolo-team></soggetto><soggetto><occupazione-startup-team><en>Founder &amp; CEO</en><it>Fondatore e Amministratore delegato</it></occupazione-startup-team><livello-titolo-studio><cod>LTS6</cod><decod><en>PhD</en><it>Dottorato di ricerca</it></decod></livello-titolo-studio><fascia-eta><cod>FE5</cod><decod><en>35-39</en><it>35-39</it></decod></fascia-eta><descrizione-ruolo-team><en>The Founder &amp; CEO is dealing and cover most of the tasks in the organisation. Coding new algorithm, projecting software, creating and programming the blockchain, SMART CONTRACTS (technical side).&#x0D;
&#x0D;
Furthemore, the Founder &amp; Ceo is evaluating  SWOT analysis, Berkus method (regarding the business value)&#x0D;
maintaining updated the accounting records, implementing new marketing strategy.</en><it>Il Fondatore &amp; CEO è una figura centrale all'interno dell'organizzazione , infatti ricopre molti compiti come, alla programmazione informatica, nuovi algoritmi, progettazione software, creazione della blockchain, SMART CONTRACT (dal punto di vista tecnico).&#x0D;
Inoltre, il Fondatore &amp; CEO, valuta SWOT analisi, metodo Berkus (per quanto concerne la valutazione aziendale), tiene il registro contabile aggiornato, implementa nuove strategie di mercato.</it></descrizione-ruolo-team></soggetto></team><mercato><area-geografica><cod>A5</cod><decod><en>Abroad</en><it>Estero</it></decod></area-geografica><area-geografica><cod>A4</cod><decod><en>Italy</en><it>Italia</it></decod></area-geografica><area-geografica-estero><cod>12</cod><decod><en>Central and Eastern Europe</en><it>Europa centro orientale</it></decod></area-geografica-estero><area-geografica-estero><cod>32</cod><decod><en>South Central Asia</en><it>Asia centro meridionale</it></decod></area-geografica-estero><area-geografica-estero><cod>41</cod><decod><en>Northern America</en><it>America settentrionale</it></decod></area-geografica-estero><canale-di-vendita><cod>C1</cod><decod><en>Directly</en><it>Direttamente</it></decod></canale-di-vendita></mercato><business-model><descrizione-business-model><en></en><it>PROFITTI DERIVANTI DALLA VENDITA DEL DISPOSITIVO INDUSTRIALE E DELL'MOBILE APP CON STATISTICHE INCLUSE</it></descrizione-business-model></business-model><concorrenza><descrizione-concorrenza><en></en><it>NON VI SONO CONCORRENTI DIRETTI</it></descrizione-concorrenza></concorrenza><innovazione><proprieta-intellettuale>true</proprieta-intellettuale><brevetto><titolo-proprieta-intellettuale><cod>TPI1</cod><decod><en>licensee</en><it>licenziatario</it></decod></titolo-proprieta-intellettuale><descrizione-titolo-proprieta-intellettuale><cod>DTPI1</cod><decod><en>Patent for industrial invention</en><it>Brevetto per invenzione industriale</it></decod></descrizione-titolo-proprieta-intellettuale></brevetto><descrizione-proprieta-intellettuale><en></en><it>LABELSCOIN CONSENTE LA  TRACCIABILITA' DEI PAGAMENTI DEI DIRITTI D'AUTORE: IL DISPOSITIVO PERMETTERA' DI TRASMETTERE LE INFORMAZIONE RILEVATE IN UNA BANCA DATI, LE INFORMAZIONI VENGONO IN TEMPO REALE RILEVATE DALL'ALGORITMO A FASCIA ALTA E TRASMESSE ALL'UTENTE E/O AL PROPRIETARIO DELL'OPERA.</it></descrizione-proprieta-intellettuale></innovazione><finanze><non-disponibile>true</non-disponibile></finanze><interessi><interessato-a><cod>I4</cod><decod><en>Partner university</en><it>Partner universitario</it></decod></interessato-a><interessato-a><cod>I1</cod><decod><en>Customers</en><it>Clienti</it></decod></interessato-a></interessi><associazione><iscrizione>false</iscrizione></associazione><riferimenti-esterni><riferimento-esterno><sito-web-esterno>www.labelscoin.technology</sito-web-esterno></riferimento-esterno></riferimenti-esterni><incubatori><incubatore-accelerato>false</incubatore-accelerato></incubatori></informazioni></dichiarazione>
"
IT00984390948;FIBRE - SOCIETA' A RESPONSABILITA' LIMITATA;FIBRE;NO;PETTORANELLO DEL MOLISE (IS);IS;MOLISE;SOCIETA' A RESPONSABILITA' LIMITATA;DAL NOTAIO;Informazione non iscritta;[];NON RILEVATO;NON RILEVATO;https://startup.registroimprese.it/isin/dettaglioStartup?id=KXU3bCJQBfS92AJOXqJVKg%2BWN%2BnnBychyawuUQbhow%3D%3D;721021;NON RILEVATO;SERVIZI;MS3;Luxury (Tessile e moda, Mobili e arredamento);nuovimateriali, bodyscanner, rispettoambientale;25/11/2020;21/12/2020;28/09/2026;19/01/2021;100K-500K euro;B;100K-500K euro;?;B;B;Non disponibile;Non disponibile;Non disponibile;NO;SÌ;NO;ANTONIO VALERIO;19/01/2021;ArubaPEC S.p.A. NG CA 3;00984390948-20210119124412;https://i.ibb.co/twTP2Rqr/a8cc293a003b.jpg;Disponibile (Caricato su ImgBB);NON RILEVATO;NON RILEVATO;NON RILEVATO;NON RILEVATO;NON RILEVATO;NON RILEVATO;NON RILEVATO;NON RILEVATO;S2;Sviluppo;P2;Prototipo/versione beta;T2;Completo solo lato tecnico;"La società ha per oggetto lo sviluppo, la produzione e la commercializzazione di prodotti e servizi innovativi ad alto valore tecnologico nel campo delle produzioni tessili mediante l’uso di fibre di origine animale, vegetale e plastiche e/o polimeri che prevedano anche il recupero e il riutilizzo di matrici attualmente avviate alla distruzione.
Fibre introduce una nuova scuola di pensiero che ridisegna il mondo del tessile attraverso l’organizzazione dei principali attori della produzione e della loro dislocazione geografica mondiale, valorizzando la loro naturale vocazione scaturita dal loro luogo di origine. Motivo ispiratore del brand Fibre, insieme alla ricerca dei nuovi materiali, è la misurazione del corpo umano attraverso l’utilizzo di tecnologie contemporanee. La misurazione del corpo, nell’ufficio modelli aziendale, percorre tutte le tappe dell’antropometria, da Vitruvio fino ai giorni d’oggi attingendo le informazioni da una banca dati, di proprietà aziendale, ultra trentennale e unica del suo genere.";"La società ha per oggetto lo sviluppo, la produzione e la commercializzazione di prodotti e servizi innovativi ad alto valore tecnologico nel campo delle produzioni tessili mediante l’uso di fibre di origine animale, vegetale e plastiche e/o polimeri che prevedano anche il recupero e il riutilizzo di matrici attualmente avviate alla distruzione.
Fibre introduce una nuova scuola di pensiero che ridisegna il mondo del tessile attraverso l’organizzazione dei principali attori della produzione e della loro dislocazione geografica mondiale, valorizzando la loro naturale vocazione scaturita dal loro luogo di origine. Motivo ispiratore del brand Fibre, insieme alla ricerca dei nuovi materiali, è la misurazione del corpo umano attraverso l’utilizzo di tecnologie contemporanee. La misurazione del corpo, nell’ufficio modelli aziendale, percorre tutte le tappe dell’antropometria, da Vitruvio fino ai giorni d’oggi attingendo le informazioni da una banca dati, di proprietà aziendale, ultra trentennale e unica del suo genere.";"Fibre introduce innovazioni di processo e di prodotto al fine di ottenere benefici per l’uomo e per l’ambiente, intervenendo sulla modellazione degli abiti con strumenti di analisi digitale e attraverso l’impiego di fibre naturali e di riciclo con il minimo impatto ambientale.
L’innovazione passa attraverso la creazione di un processo, ad alta scalabilità, da introdurre nelle fasi di modellazione e prototipazione dei capi, mediante l’adozione di body scanner per la rilevazione dei parametri fisici e successiva creazione di modelli con stampa 3D sui quali “cucire”, con l’adozione di robot, il prototipo da avviare alla produzione.
La ricerca e lo studio di nuovi materiali sono parte sostanziale del brand. 
Il focus principale è il corpo che diventa la materia prima su cui costruire una seconda pelle. Per la produzione dei capi Fibre impiega tessuti di pregio di estrazione naturale, di origine animale, vegetale e sintetici tutti ottenuti da processi di riciclo che riescono a dar vita a prodotti altamente performanti e profondamente identitari
Fibre non solo confeziona abbigliamento su misura, ma produce, commercializza e distribuisce articoli accessori e complementari all’abbigliamento, per la casa, lo sport ed il tempo libero, calzature, cosmetici, occhiali e orologi.
L’ideazione, lo sviluppo e la produzione di software per la rilevazione antropometrica e del processo cad/cam e robotizzazione per la tessitura e il loro confezionamento rappresentano la filosofia produttiva di Fibre.
I prodotti sono realizzati nel pieno rispetto dell’ambiente in quanto totalmente ecosostenibili grazie alla ricerca e sviluppo nel campo delle fibre tessili innovative.
Il team di Fibre è composto da un gruppo di persone giovani ma con comprovata esperienza maturata attraverso la collaborazione con i principali players internazionali del fashion system, principalmente specializzati nell’ideazione, modellazione e sartoria dei capi. Il team è a capo di una filiera di laboratori che si distinguono per l’eccellenza manifatturiera storicamente radicata sul Territorio.";"Fibre introduce innovazioni di processo e di prodotto al fine di ottenere benefici per l’uomo e per l’ambiente, intervenendo sulla modellazione degli abiti con strumenti di analisi digitale e attraverso l’impiego di fibre naturali e di riciclo con il minimo impatto ambientale.
L’innovazione passa attraverso la creazione di un processo, ad alta scalabilità, da introdurre nelle fasi di modellazione e prototipazione dei capi, mediante l’adozione di body scanner per la rilevazione dei parametri fisici e successiva creazione di modelli con stampa 3D sui quali “cucire”, con l’adozione di robot, il prototipo da avviare alla produzione.
La ricerca e lo studio di nuovi materiali sono parte sostanziale del brand. 
Il focus principale è il corpo che diventa la materia prima su cui costruire una seconda pelle. Per la produzione dei capi Fibre impiega tessuti di pregio di estrazione naturale, di origine animale, vegetale e sintetici tutti ottenuti da processi di riciclo che riescono a dar vita a prodotti altamente performanti e profondamente identitari
Fibre non solo confeziona abbigliamento su misura, ma produce, commercializza e distribuisce articoli accessori e complementari all’abbigliamento, per la casa, lo sport ed il tempo libero, calzature, cosmetici, occhiali e orologi.
L’ideazione, lo sviluppo e la produzione di software per la rilevazione antropometrica e del processo cad/cam e robotizzazione per la tessitura e il loro confezionamento rappresentano la filosofia produttiva di Fibre.
I prodotti sono realizzati nel pieno rispetto dell’ambiente in quanto totalmente ecosostenibili grazie alla ricerca e sviluppo nel campo delle fibre tessili innovative.
Il team di Fibre è composto da un gruppo di persone giovani ma con comprovata esperienza maturata attraverso la collaborazione con i principali players internazionali del fashion system, principalmente specializzati nell’ideazione, modellazione e sartoria dei capi. Il team è a capo di una filiera di laboratori che si distinguono per l’eccellenza manifatturiera storicamente radicata sul Territorio.";La sede di Fibre è Pettoranello del Molise piccolo centro in provincia di Isernia, nel Molise. Pettoranello del Molise è stata la culla della modellistica e del design di abbigliamento internazionale per oltre trent’anni, nel periodo più intenso e dinamico del fashion system ed oggi conserva il capitale umano su cui si basano le premesse per un ulteriore sviluppo futuro.;NON RILEVATO;"Il brand Fibre è un marchio a valenza globale che intercetta le esigenze dell’abbigliamento dei consumatori contemporanei e nasce con l’obiettivo di introdurre nuovi concetti di produzione sostenibile ridisegnando la filiera mondiale del tessile attraverso un’analisi dei luoghi di produzione, delle materie prime e dei luoghi di trasformazione. Il brand si fonda su principi classici che prescindono le tendenze socio culturali del momento, con lo scopo di realizzare prodotti con un linguaggio sovratemporale ma sempre sensibile alla sfera della ricerca.
Fibre si declina in brands che vanno dal mondo del fitness all’alta sartoria al fine di soddisfare tutta la domanda del consumatore contemporaneo.";NO;NO;NO;SÌ;NON RILEVATO;NON RILEVATO;SÌ;SÌ;NO;SÌ;NO;NO;NO;NON RILEVATO;NON RILEVATO;NO;NO;0;0;2;NO;0.0;0;NESSUNO;Nessun finanziamento dichiarato;1;0;30;Solo un fondatore con laurea, nessun team documentato;SVILUPPO, PRODUZIONE E COMMERCIALIZZAZIONE DI PROCESSI INNOVATIVI AD ALTO VALORE TECNOLOGICO NEL CAMPO DELLE PRODUZIONI TESSILI ANCHE MEDIANTE L'USO DI MATERIE PLASTICHE E/O POLIMERI ANCHE RICICLATI.;"VALERIO ANTONIO 01/11/1972: LAUREA IN ARCHITETTURA - 26 LUGLIO 2004 - UNIVERSITA' DEGLI STUDI DI ROMA 3 VALERIO ANTONIO: LAUREA IN ECONOMIA E COMMERCIO - 21 LUGLIO 2002 - UNIVERSITA' ""LA SAPIENZA"" DI ROMA VALERIO MARIA: LAUREA IN ECONOMIA E COMMERCIO - 09 LUGLIO 2001 - UNIVERSITA' ""LA SAPIENZA"" DI ROMA";NESSUNA RELAZIONE PROFESSIONALE CON UNIVERSITA' O CENTRI DI RICERCA.;NON VI SONO;"<?xml version=""1.0""?>
<dichiarazione xmlns:xsi=""http://www.w3.org/2001/XMLSchema-instance""><info-dichiarazione><codice>00984390948-20210119124412</codice></info-dichiarazione><info-schema><tipo>startup</tipo><versione>2</versione><data-compilazione>2021-01-19T12:24:06</data-compilazione></info-schema><impresa><codice-fiscale>00984390948</codice-fiscale><denominazione>FIBRE - SOCIETA' A RESPONSABILITA' LIMITATA</denominazione></impresa><informazioni><logo><extension></extension><b64>[ARCHIVED_IN_IMG_BB]</b64></logo><stadio><cod>S2</cod><decod><en>Development</en><it>Sviluppo</it></decod></stadio><presentazione><descrizione><en></en><it>La società ha per oggetto lo sviluppo, la produzione e la commercializzazione di prodotti e servizi innovativi ad alto valore tecnologico nel campo delle produzioni tessili mediante l’uso di fibre di origine animale, vegetale e plastiche e/o polimeri che prevedano anche il recupero e il riutilizzo di matrici attualmente avviate alla distruzione.&#x0D;
Fibre introduce una nuova scuola di pensiero che ridisegna il mondo del tessile attraverso l’organizzazione dei principali attori della produzione e della loro dislocazione geografica mondiale, valorizzando la loro naturale vocazione scaturita dal loro luogo di origine. Motivo ispiratore del brand Fibre, insieme alla ricerca dei nuovi materiali, è la misurazione del corpo umano attraverso l’utilizzo di tecnologie contemporanee. La misurazione del corpo, nell’ufficio modelli aziendale, percorre tutte le tappe dell’antropometria, da Vitruvio fino ai giorni d’oggi attingendo le informazioni da una banca dati, di proprietà aziendale, ultra trentennale e unica del suo genere.</it></descrizione></presentazione><settore><tag>nuovimateriali</tag><tag>bodyscanner</tag><tag>rispettoambientale</tag><macro-settore><cod>MS3</cod><decod><en>Luxury (textile and fashion, furniture and furnishings)</en><it>Luxury (Tessile e moda, Mobili e arredamento)</it></decod></macro-settore></settore><prodotto><stato-prodotto><cod>P2</cod><decod><en>Prototype/beta version</en><it>Prototipo/versione beta</it></decod></stato-prodotto><descrizione-prodotto><en></en><it>Fibre introduce innovazioni di processo e di prodotto al fine di ottenere benefici per l’uomo e per l’ambiente, intervenendo sulla modellazione degli abiti con strumenti di analisi digitale e attraverso l’impiego di fibre naturali e di riciclo con il minimo impatto ambientale.&#x0D;
L’innovazione passa attraverso la creazione di un processo, ad alta scalabilità, da introdurre nelle fasi di modellazione e prototipazione dei capi, mediante l’adozione di body scanner per la rilevazione dei parametri fisici e successiva creazione di modelli con stampa 3D sui quali “cucire”, con l’adozione di robot, il prototipo da avviare alla produzione.&#x0D;
La ricerca e lo studio di nuovi materiali sono parte sostanziale del brand. &#x0D;
Il focus principale è il corpo che diventa la materia prima su cui costruire una seconda pelle. Per la produzione dei capi Fibre impiega tessuti di pregio di estrazione naturale, di origine animale, vegetale e sintetici tutti ottenuti da processi di riciclo che riescono a dar vita a prodotti altamente performanti e profondamente identitari&#x0D;
Fibre non solo confeziona abbigliamento su misura, ma produce, commercializza e distribuisce articoli accessori e complementari all’abbigliamento, per la casa, lo sport ed il tempo libero, calzature, cosmetici, occhiali e orologi.&#x0D;
L’ideazione, lo sviluppo e la produzione di software per la rilevazione antropometrica e del processo cad/cam e robotizzazione per la tessitura e il loro confezionamento rappresentano la filosofia produttiva di Fibre.&#x0D;
I prodotti sono realizzati nel pieno rispetto dell’ambiente in quanto totalmente ecosostenibili grazie alla ricerca e sviluppo nel campo delle fibre tessili innovative.&#x0D;
Il team di Fibre è composto da un gruppo di persone giovani ma con comprovata esperienza maturata attraverso la collaborazione con i principali players internazionali del fashion system, principalmente specializzati nell’ideazione, modellazione e sartoria dei capi. Il team è a capo di una filiera di laboratori che si distinguono per l’eccellenza manifatturiera storicamente radicata sul Territorio.</it></descrizione-prodotto></prodotto><team><stato-team><cod>T2</cod><decod><en>Technical team complete</en><it>Completo solo lato tecnico</it></decod></stato-team></team><mercato><area-geografica><cod>A4</cod><decod><en>Italy</en><it>Italia</it></decod></area-geografica><area-geografica><cod>A5</cod><decod><en>Abroad</en><it>Estero</it></decod></area-geografica><canale-di-vendita><cod>C4</cod><decod><en>Agents</en><it>Agenti</it></decod></canale-di-vendita></mercato><business-model><descrizione-business-model><en></en><it>La sede di Fibre è Pettoranello del Molise piccolo centro in provincia di Isernia, nel Molise. Pettoranello del Molise è stata la culla della modellistica e del design di abbigliamento internazionale per oltre trent’anni, nel periodo più intenso e dinamico del fashion system ed oggi conserva il capitale umano su cui si basano le premesse per un ulteriore sviluppo futuro.</it></descrizione-business-model></business-model><innovazione><proprieta-intellettuale>false</proprieta-intellettuale><descrizione-proprieta-intellettuale><en></en><it>Il brand Fibre è un marchio a valenza globale che intercetta le esigenze dell’abbigliamento dei consumatori contemporanei e nasce con l’obiettivo di introdurre nuovi concetti di produzione sostenibile ridisegnando la filiera mondiale del tessile attraverso un’analisi dei luoghi di produzione, delle materie prime e dei luoghi di trasformazione. Il brand si fonda su principi classici che prescindono le tendenze socio culturali del momento, con lo scopo di realizzare prodotti con un linguaggio sovratemporale ma sempre sensibile alla sfera della ricerca.&#x0D;
Fibre si declina in brands che vanno dal mondo del fitness all’alta sartoria al fine di soddisfare tutta la domanda del consumatore contemporaneo.</it></descrizione-proprieta-intellettuale></innovazione><finanze><non-disponibile>true</non-disponibile></finanze><interessi><interessato-a><cod>I1</cod><decod><en>Customers</en><it>Clienti</it></decod></interessato-a><interessato-a><cod>I2</cod><decod><en>Lender / Investor</en><it>Finanziatore / Investitore</it></decod></interessato-a><interessato-a><cod>I4</cod><decod><en>Partner university</en><it>Partner universitario</it></decod></interessato-a></interessi><associazione><iscrizione>false</iscrizione></associazione><incubatori><incubatore-accelerato>false</incubatore-accelerato></incubatori></informazioni></dichiarazione>
"
IT01006600942;TD TECH ITALIA S.R.L.;TD TECH ITALIA;NO;ISERNIA (IS);IS;MOLISE;SOCIETA' A RESPONSABILITA' LIMITATA;DAL NOTAIO;www.thoda.it;[];info@thoda.it;NON RILEVATO;https://startup.registroimprese.it/isin/dettaglioStartup?id=KXU3bCJQBfS92AJOXqJVKg%2BWN%2BjuDyUkwKwuUQzhow%3D%3D;622010;NON RILEVATO;SERVIZI;MS1;ICT (Apparecchiature elettriche ed elettroniche, Informatica, Ricerca e sviluppo);SVILUPPOSOFTWARE, HARDWARESOFTWARERICERCASVILUPPO, ConsulenzaAI;18/01/2024;05/04/2024;28/09/2026;01/06/2026;1-100K euro;A;1-100K euro;?;A;A;Non disponibile;Non disponibile;Non disponibile;SÌ;SÌ;NO;ANDREA CANNAS;01/06/2026;ArubaPEC EU Qualified Certificates CA G1;01006600942-20260601112534;https://i.ibb.co/nsC6r8Sh/8f1ba880e3ea.jpg;Disponibile (Caricato su ImgBB);https://youtu.be/-cZ4G-de528;https://www.linkedin.com/company/td-tech-italia/?viewAsMember=true;NON RILEVATO;NON RILEVATO;NON RILEVATO;NON RILEVATO;NON RILEVATO;NON RILEVATO;S1;Idea;P5;Sul mercato;T4;Completo;"TDTech Italia è un'azienda high-tech specializzata nello sviluppo software, hardware e consulenza specializzata nei settori tecnologici. Il valore distintivo dell’azienda risiede nell’utilizzo di tecnologie innovative, come l’Intelligenza Artificiale (AI) e il Machine Learning, per lo sviluppo di software avanzati.
TDTech Italia sviluppa applicazioni che offrono esperienze immersive sia nel mondo reale che in quello virtuale. TDTech Italia è impegnata nell'implementazione di sensori avanzati per l'IoT, utilizzati per la raccolta, l'analisi e il controllo automatizzato dei dati in tempo reale. Nel complesso, l’azienda si impegna a mantenere un elevato standard di innovazione e competenza tecnologica sul mercato, offrendo soluzioni all’avanguardia per le sfide del mondo digitale.";"TDTech Italia is a high-tech company specialized in software development, hardware and consultancy specializing in the technological sectors. The company's distinctive value lies in the use of innovative technologies, such as Artificial Intelligence (AI) and Machine Learning, for the development of advanced software.
TDTech Italia develops applications that offer immersive experiences in both the real and virtual world. TDTech Italia is committed to the implementation of advanced sensors for the IoT, used for the collection, analysis and automated control of data in real time. Overall, the company is committed to maintaining a high standard of innovation and technological expertise in the market, offering cutting-edge solutions for the challenges of the digital world.";Il nostro software per la gestione intelligente dei parcheggi rappresenta un'eccellente soluzione per ottimizzare l'uso degli spazi di parcheggio e migliorare l'esperienza complessiva degli utenti. Integrando una varietà di sensori intelligenti, come nanoradar, rilevatori di presenza, umidità e temperatura, il nostro software fornisce dati in tempo reale sulla disponibilità e sulle condizioni dei parcheggi, anche in base alle condizioni meteorologiche attuali della città. Ciò che ci differenzia è la capacità del nostro software di non solo raccogliere e elaborare i dati provenienti dai sensori, ma anche di interagire con altri sistemi come i parcometri e i sensori cittadini. Questa integrazione permette di ottenere una visione completa e aggiornata dello stato dei parcheggi in un'area specifica, consentendo una gestione più efficiente e precisa. Inoltre, il nostro software utilizza l'intelligenza artificiale generativa per analizzare i dati raccolti e generare le migliori soluzioni di parcheggio. Questo include la previsione della disponibilità dei parcheggi basata sui modelli storici di utilizzo, la determinazione delle tariffe ottimali in base alla domanda e all'offerta, e la gestione dinamica dei flussi di veicoli per massimizzare l'efficienza complessiva del parcheggio.;Our intelligent parking management software is an excellent solution for optimizing the use of parking spaces and improving the overall user experience. By integrating a variety of smart sensors, such as nanoradars, occupancy, humidity and temperature detectors, our software provides real-time data on parking availability and conditions, including based on the city's current weather conditions. What differentiates us is the ability of our software to not only collect and process data from sensors, but also to interact with other systems such as parking meters and city sensors. This integration allows you to obtain a complete and updated view of the status of parking in a specific area, allowing for more efficient and precise management. Additionally, our software uses generative artificial intelligence to analyze the collected data and generate the best parking solutions. This includes predicting parking availability based on historical usage patterns, determining optimal rates based on supply and demand, and dynamically managing vehicle flows to maximize overall parking efficiency.;Il nostro business model si basa principalmente sulla vendita del software per la gestione intelligente dei parcheggi, che include sia la licenza d'uso che i servizi di implementazione e supporto tecnico. Inoltre, potremmo offrire servizi aggiuntivi come l'analisi dei dati, la personalizzazione del software in base alle esigenze specifiche del cliente e la formazione del personale. I profitti derivano principalmente dalla vendita delle licenze del software e dai servizi correlati, nonché dalla manutenzione e dall'aggiornamento del software nel tempo. Inoltre, potremmo generare entrate attraverso partnership strategiche con enti pubblici, parcheggi privati e altre aziende interessate a implementare soluzioni avanzate di gestione dei parcheggi.;Nel mercato della gestione intelligente dei parcheggi, esistono diversi concorrenti che offrono soluzioni simili. Tuttavia, ci differenziamo per diversi aspetti chiave. La nostra azienda si distingue per l'utilizzo di tecnologie all'avanguardia, come l'intelligenza artificiale e i sensori intelligenti, che ci permettono di offrire soluzioni più avanzate e accurate rispetto ai concorrenti. Il nostro software si integra senza problemi con altri sistemi come i parcometri e i sensori cittadini, garantendo una visione complessiva e aggiornata dello stato dei parcheggi. Questa interoperabilità è un elemento chiave che ci differenzia dalla concorrenza. Inoltre, offriamo soluzioni altamente personalizzabili per adattarci alle specifiche esigenze dei clienti e garantiamo un eccellente servizio clienti e supporto tecnico.;L'innovazione è al cuore del nostro business. Utilizziamo tecnologie all'avanguardia, come l'intelligenza artificiale e i sensori intelligenti, per sviluppare soluzioni avanzate per la gestione dei parcheggi. La nostra capacità di integrare e utilizzare dati in tempo reale dai sensori e da altre fonti ci consente di offrire una visione completa dello stato dei parcheggi e di fornire soluzioni personalizzate e predittive. Inoltre, continuiamo a investire nella ricerca e nello sviluppo per migliorare costantemente le nostre tecnologie e soddisfare le crescenti esigenze del mercato.;NO;NO;NO;SÌ;NON RILEVATO;Unione europea;SÌ;NO;NO;SÌ;SÌ;NO;NO;NON RILEVATO;NON RILEVATO;NO;NO;0;0;1;NO;0.0;0;NESSUNO;Nessun finanziamento dichiarato;1;0;30;Solo un fondatore con laurea magistrale e ruoli multipli, nessun team definito;STIAMO SVILUPPANDO UN SOFTWARE PER LA GESTIONE INTELLIGENTE DEI PARCHEGGI CHE INTEGRA UNA VARIETA' DI SENSORI INTELLIGENTI, COME NANORADAR, RILEVATORI DI PRESENZA, UMIDITA' E TEMPERATURA. QUESTI SENSORI FORNISCONO DATI IN TEMPO REALE SULLA DISPONIBILITA' E SULLE CONDIZIONI DEI PARCHEGGI ANCHE SULLA BASE DELLE CONDIZIONI IN TEMPO REALE DELLA CITTA' (PIOGGIA NEVE SOLE). IL NOSTRO SOFTWARE NON SOLO RACCOGLIE E ELABORA I DATI PROVENIENTI DALLA SENSORISTICA, MA DIALOGA ANCHE CON ALTRI SISTEMI COME I PARCOMETRI E I SENSORI CITTADINI. QUESTO PERMETTE DI OTTENERE UNA VISIONE COMPLESSIVA E AGGIORNATA DELLO STATO DEI PARCHEGGI IN UN'AREA SPECIFICA. INOLTRE, IL SOFTWARE UTILIZZA L'INTELLIGENZA ARTIFICIALE GENERATIVA PER ELABORARE I DATI RACCOLTI E GENERARE LE MIGLIORI SOLUZIONI DI PARCHEGGIO. QUESTO INCLUDE LA PREVISIONE DELLA DISPONIBILITA' DEI PARCHEGGI IN BASE AI MODELLI DI UTILIZZO STORICI, LA DETERMINAZIONE DELLE TARIFFE OTTIMALI IN BASE ALLA DOMANDA E ALL'OFFERTA, E LA GESTIONE DINAMICA DEI FLUSSI DI VEICOLI PER MASSIMIZZARE L'EFFICIENZA COMPLESSIVA DEL PARCHEGGIO. COSTO DELLA PRODUZIONE (TOTALE VOCE B DEL CONTO ECONOMICO): EURO14.134,00 VALORE DELLA PRODUZIONE (TOTALE VOCE A DEL CONTO ECONOMICO): EURO: 24.090,00 COSTI DI RICERCA E SVILUPPO: EURO 5.846,20;"SOCIO UNICO E AMMINISTRATORE DOTT. ANDREA CANNAS: - LAUREA MAGISTRALE IN ARCHITETTURA, UNIVERSITA' ""LA SAPIENZA"" DI ROMA (23/02/2006); - DIPLOMA DI ABILITAZIONE ALLA PROFESSIONE DI ARCHITETTO, UNIVERSITA' ""LA SAPIENZA"" DI ROMA (2 OTTOBRE 2006); -PROGETTISTA UX/UI SENIOR, CONSULENTE DELLA PROGETTAZIONE E DELL'IMPLEMENTAZIONE DI INTERFACCE UTENTE INTUITIVE E ESPERIENZE COINVOLGENTI PER LE APPLICAZIONI SOFTWARE DELL'AZIENDA; -PROGETTISTA INVOLUCRI PER AUTOVELOX PROGETTAZIONE DI COMPONENTI MECCANICI PER STRUMENTI ELETTRONICI AVANZATI, CON UN FOCUS PARTICOLARE SULLA PRECISIONE E L'OTTIMIZZAZIONE DELLA FUNZIONALITA'; -ARCHITETTO MECCANICO DEL SOFTWARE, LAVORO NELL'INTEGRAZIONE DI COMPONENTI SOFTWARE IN DISPOSITIVI ELETTRONICI, ASSICURANDO UN DESIGN MECCANICO OTTIMALE PER IL CORRETTO FUNZIONAMENTO DEGLI STRUMENTI";NESSUNA RELAZIONE;NESSUN DIRITTO DI PRIVATIVA;"<?xml version=""1.0""?>
<dichiarazione xmlns:xsi=""http://www.w3.org/2001/XMLSchema-instance""><info-dichiarazione><codice>01006600942-20260601112534</codice></info-dichiarazione><info-schema><tipo>startup</tipo><versione>2</versione><data-compilazione>2026-06-01T11:24:19</data-compilazione></info-schema><impresa><codice-fiscale>01006600942</codice-fiscale><denominazione>TD TECH ITALIA SOCIETA' A RESPONSABILITA' LIMITATA SEMPLIFICATA</denominazione></impresa><informazioni><logo><extension></extension><b64>[ARCHIVED_IN_IMG_BB]</b64></logo><stadio><cod>S1</cod><decod><en>Seed</en><it>Idea</it></decod></stadio><presentazione><descrizione><en>TDTech Italia is a high-tech company specialized in software development, hardware and consultancy specializing in the technological sectors. The company's distinctive value lies in the use of innovative technologies, such as Artificial Intelligence (AI) and Machine Learning, for the development of advanced software.&#x0D;
TDTech Italia develops applications that offer immersive experiences in both the real and virtual world. TDTech Italia is committed to the implementation of advanced sensors for the IoT, used for the collection, analysis and automated control of data in real time. Overall, the company is committed to maintaining a high standard of innovation and technological expertise in the market, offering cutting-edge solutions for the challenges of the digital world.</en><it>TDTech Italia è un'azienda high-tech specializzata nello sviluppo software, hardware e consulenza specializzata nei settori tecnologici. Il valore distintivo dell’azienda risiede nell’utilizzo di tecnologie innovative, come l’Intelligenza Artificiale (AI) e il Machine Learning, per lo sviluppo di software avanzati.&#x0D;
TDTech Italia sviluppa applicazioni che offrono esperienze immersive sia nel mondo reale che in quello virtuale. TDTech Italia è impegnata nell'implementazione di sensori avanzati per l'IoT, utilizzati per la raccolta, l'analisi e il controllo automatizzato dei dati in tempo reale. Nel complesso, l’azienda si impegna a mantenere un elevato standard di innovazione e competenza tecnologica sul mercato, offrendo soluzioni all’avanguardia per le sfide del mondo digitale.</it></descrizione><video><url><en>https://youtu.be/-cZ4G-de528</en><it>https://youtu.be/-cZ4G-de528</it></url></video></presentazione><contatti><email>info@thoda.it</email><linkedin>https://www.linkedin.com/company/td-tech-italia/?viewAsMember=true</linkedin></contatti><settore><tag>SVILUPPOSOFTWARE</tag><tag>HARDWARESOFTWARERICERCASVILUPPO</tag><tag>ConsulenzaAI</tag><macro-settore><cod>MS1</cod><decod><en>ICT (Electrical and Electronic, Computer Science, Research and Development)</en><it>ICT (Apparecchiature elettriche ed elettroniche, Informatica, Ricerca e sviluppo)</it></decod></macro-settore></settore><prodotto><stato-prodotto><cod>P5</cod><decod><en>In the market</en><it>Sul mercato</it></decod></stato-prodotto><descrizione-prodotto><en>Our intelligent parking management software is an excellent solution for optimizing the use of parking spaces and improving the overall user experience. By integrating a variety of smart sensors, such as nanoradars, occupancy, humidity and temperature detectors, our software provides real-time data on parking availability and conditions, including based on the city's current weather conditions. What differentiates us is the ability of our software to not only collect and process data from sensors, but also to interact with other systems such as parking meters and city sensors. This integration allows you to obtain a complete and updated view of the status of parking in a specific area, allowing for more efficient and precise management. Additionally, our software uses generative artificial intelligence to analyze the collected data and generate the best parking solutions. This includes predicting parking availability based on historical usage patterns, determining optimal rates based on supply and demand, and dynamically managing vehicle flows to maximize overall parking efficiency.</en><it>Il nostro software per la gestione intelligente dei parcheggi rappresenta un'eccellente soluzione per ottimizzare l'uso degli spazi di parcheggio e migliorare l'esperienza complessiva degli utenti. Integrando una varietà di sensori intelligenti, come nanoradar, rilevatori di presenza, umidità e temperatura, il nostro software fornisce dati in tempo reale sulla disponibilità e sulle condizioni dei parcheggi, anche in base alle condizioni meteorologiche attuali della città. Ciò che ci differenzia è la capacità del nostro software di non solo raccogliere e elaborare i dati provenienti dai sensori, ma anche di interagire con altri sistemi come i parcometri e i sensori cittadini. Questa integrazione permette di ottenere una visione completa e aggiornata dello stato dei parcheggi in un'area specifica, consentendo una gestione più efficiente e precisa. Inoltre, il nostro software utilizza l'intelligenza artificiale generativa per analizzare i dati raccolti e generare le migliori soluzioni di parcheggio. Questo include la previsione della disponibilità dei parcheggi basata sui modelli storici di utilizzo, la determinazione delle tariffe ottimali in base alla domanda e all'offerta, e la gestione dinamica dei flussi di veicoli per massimizzare l'efficienza complessiva del parcheggio.</it></descrizione-prodotto></prodotto><team><stato-team><cod>T4</cod><decod><en>Defined</en><it>Completo</it></decod></stato-team></team><mercato><area-geografica><cod>A4</cod><decod><en>Italy</en><it>Italia</it></decod></area-geografica><area-geografica-estero><cod>11</cod><decod><en>European Union</en><it>Unione europea</it></decod></area-geografica-estero><canale-di-vendita><cod>C4</cod><decod><en>Agents</en><it>Agenti</it></decod></canale-di-vendita></mercato><business-model><descrizione-business-model><en>Our business model is mainly based on the sale of intelligent parking management software, which includes both the user license and implementation and technical support services. In addition, we may offer additional services such as data analysis, customization of software to specific customer needs and staff training. Profits are primarily derived from the sale of software licenses and related services, as well as maintenance and upgrades of the software over time. Additionally, we may generate revenue through strategic partnerships with public entities, private car parks and other companies interested in implementing advanced parking management solutions.</en><it>Il nostro business model si basa principalmente sulla vendita del software per la gestione intelligente dei parcheggi, che include sia la licenza d'uso che i servizi di implementazione e supporto tecnico. Inoltre, potremmo offrire servizi aggiuntivi come l'analisi dei dati, la personalizzazione del software in base alle esigenze specifiche del cliente e la formazione del personale. I profitti derivano principalmente dalla vendita delle licenze del software e dai servizi correlati, nonché dalla manutenzione e dall'aggiornamento del software nel tempo. Inoltre, potremmo generare entrate attraverso partnership strategiche con enti pubblici, parcheggi privati e altre aziende interessate a implementare soluzioni avanzate di gestione dei parcheggi.</it></descrizione-business-model></business-model><concorrenza><descrizione-concorrenza><en>In the smart parking management market, there are several competitors offering similar solutions. However, we differ in several key ways. Our company stands out for its use of cutting-edge technologies, such as artificial intelligence and intelligent sensors, which allow us to offer more advanced and accurate solutions than our competitors. Our software integrates seamlessly with other systems such as parking meters and city sensors, guaranteeing an overall and updated view of the status of parking lots. This interoperability is a key element that differentiates us from the competition. Furthermore, we offer highly customizable solutions to adapt to specific customer needs and guarantee excellent customer service and technical support.</en><it>Nel mercato della gestione intelligente dei parcheggi, esistono diversi concorrenti che offrono soluzioni simili. Tuttavia, ci differenziamo per diversi aspetti chiave. La nostra azienda si distingue per l'utilizzo di tecnologie all'avanguardia, come l'intelligenza artificiale e i sensori intelligenti, che ci permettono di offrire soluzioni più avanzate e accurate rispetto ai concorrenti. Il nostro software si integra senza problemi con altri sistemi come i parcometri e i sensori cittadini, garantendo una visione complessiva e aggiornata dello stato dei parcheggi. Questa interoperabilità è un elemento chiave che ci differenzia dalla concorrenza. Inoltre, offriamo soluzioni altamente personalizzabili per adattarci alle specifiche esigenze dei clienti e garantiamo un eccellente servizio clienti e supporto tecnico.</it></descrizione-concorrenza></concorrenza><innovazione><proprieta-intellettuale>false</proprieta-intellettuale><descrizione-proprieta-intellettuale><en>Innovation is at the heart of our business. We use cutting-edge technologies, such as artificial intelligence and smart sensors, to develop advanced parking management solutions. Our ability to integrate and use real-time data from sensors and other sources allows us to offer a complete view of the status of parking spaces and provide personalized and predictive solutions. Furthermore, we continue to invest in research and development to constantly improve our technologies and meet growing market needs.</en><it>L'innovazione è al cuore del nostro business. Utilizziamo tecnologie all'avanguardia, come l'intelligenza artificiale e i sensori intelligenti, per sviluppare soluzioni avanzate per la gestione dei parcheggi. La nostra capacità di integrare e utilizzare dati in tempo reale dai sensori e da altre fonti ci consente di offrire una visione completa dello stato dei parcheggi e di fornire soluzioni personalizzate e predittive. Inoltre, continuiamo a investire nella ricerca e nello sviluppo per migliorare costantemente le nostre tecnologie e soddisfare le crescenti esigenze del mercato.</it></descrizione-proprieta-intellettuale></innovazione><finanze><non-disponibile>true</non-disponibile></finanze><interessi><interessato-a><cod>I1</cod><decod><en>Customers</en><it>Clienti</it></decod></interessato-a><interessato-a><cod>I4</cod><decod><en>Partner university</en><it>Partner universitario</it></decod></interessato-a><interessato-a><cod>I5</cod><decod><en>Business partners</en><it>Partner imprenditoriale</it></decod></interessato-a></interessi><associazione><iscrizione>false</iscrizione></associazione><incubatori><incubatore-accelerato>false</incubatore-accelerato></incubatori></informazioni></dichiarazione>
"
